{"cameraMode":{"drawMode":0,"name":"Shaded","section":"Shading Mode"},"sceneLighting":true,"audioPlay":false,"sceneViewState":{"m_AlwaysRefresh":false,"showFog":true,"showSkybox":true,"showFlares":true,"showImageEffects":true,"showParticleSystems":true,"showVisualEffectGraphs":true,"m_FxEnabled":true},"in2DMode":false,"pivot":{"x":-0.38619130849838259,"y":-5.515397071838379,"z":0.12307387590408325},"rotation":{"x":-0.6994403600692749,"y":0.000641048769466579,"z":-0.0006285239360295236,"w":-0.7146973013877869},"size":7.071067810058594,"orthographic":false}