{"cameraMode":{"drawMode":0,"name":"Shaded","section":"Shading Mode"},"sceneLighting":true,"audioPlay":false,"sceneViewState":{"m_AlwaysRefresh":false,"showFog":true,"showSkybox":true,"showFlares":true,"showImageEffects":true,"showParticleSystems":true,"showVisualEffectGraphs":true,"m_FxEnabled":true},"in2DMode":false,"pivot":{"x":-1.0954697132110596,"y":-5.776267051696777,"z":-0.4707319736480713},"rotation":{"x":-0.6461737155914307,"y":-0.008473186753690243,"z":0.007173708640038967,"w":-0.7631130218505859},"size":7.071067810058594,"orthographic":false}